{"accuracy": [0.645237922668457, 0.8771889805793762, 0.925969123840332, 0.9474215507507324, 0.9628707766532898, 0.9707091450691223, 0.9749768972396851, 0.9791308045387268, 0.9813926815986633, 0.9834980964660645], "loss": [1.1969385147094727, 0.3841974139213562, 0.22963514924049377, 0.16230866312980652, 0.11505558341741562, 0.09187573939561844, 0.07560812681913376, 0.06600344181060791, 0.0571158193051815, 0.05067223682999611], "val_accuracy": [0.8474846482276917, 0.8903937935829163, 0.9009219408035278, 0.9416685700416565, 0.9304006099700928, 0.9444571137428284, 0.9512861371040344, 0.9468472599983215, 0.9514568448066711, 0.9650580286979675], "val_loss": [0.4886051416397095, 0.34013915061950684, 0.3176884651184082, 0.1862654685974121, 0.22458836436271667, 0.19398167729377747, 0.15217185020446777, 0.1839500516653061, 0.16569676995277405, 0.11918476223945618]}